X_0,X_1,X_2,X_3,X_4,X_5,X_6,X_7,X_8,X_9,y,X_int
0,0,1,0,0,0,0,0,1,1,9.332754969940536,776
0,0,1,1,1,1,0,0,1,1,17.7479760861633,940
1,0,0,1,0,1,0,0,1,0,16.155455129973788,156
0,0,1,0,1,1,0,0,1,1,19.908175267652034,936
1,0,1,1,0,0,0,0,0,1,2.04138476786165,788
0,0,1,0,1,1,0,0,0,1,12.215897046676726,928
0,1,0,1,1,0,0,1,0,1,20.20737626670044,357
1,0,1,1,1,1,0,1,0,1,13.48401760227539,1012
1,1,1,1,0,0,1,0,1,1,-6.2752987719817455,799
1,0,1,1,1,0,0,0,0,1,23.35456266191514,820
1,0,1,1,0,1,1,1,0,0,11.662768236735367,726
0,0,1,1,0,1,0,1,1,1,22.27395995638711,972
1,0,0,1,1,0,0,1,0,1,12.019348091704796,372
1,0,1,0,0,1,0,1,1,1,15.638311873807947,984
1,0,1,1,0,0,1,1,1,0,15.205899911871679,606
0,0,1,1,1,0,0,1,1,1,16.788124649991197,876
0,1,1,1,1,0,1,1,1,1,34.14592816209386,879
0,0,1,0,0,0,1,1,1,1,20.79494084470428,842
0,0,1,0,1,0,0,1,0,1,6.284035458138344,864
0,0,1,1,0,0,0,0,0,0,8.712592352205784,516
0,1,1,0,1,1,0,0,0,1,5.318704930741793,929
1,1,1,0,1,1,0,0,0,1,13.506428036573904,945
0,0,1,0,1,0,0,0,0,0,10.778885527920195,544
0,0,1,0,0,1,1,1,1,0,24.95311436912499,714
0,0,1,0,1,1,1,0,0,0,5.406969682328084,674
0,1,1,0,0,1,0,0,0,0,-2.71793250121887,641
0,0,0,1,1,0,0,1,0,0,13.35273290133102,100
0,0,1,0,0,1,1,0,1,1,1.5836042241082675,906
1,0,1,0,0,0,1,1,0,1,11.69387727657926,850
0,0,1,1,1,1,0,0,0,0,9.191384745438409,676
1,0,0,0,0,0,0,0,1,1,6.394430541037476,280
1,1,0,0,0,1,0,1,0,1,15.275989189703047,465
0,0,1,1,0,1,0,1,0,1,12.67230801417106,964
0,0,0,1,0,1,0,1,1,0,18.20145326732864,204
0,0,0,0,1,1,0,1,1,1,21.705439475696274,488
0,0,1,0,0,0,0,1,0,0,3.4910363365081576,576
1,0,1,1,1,1,1,1,0,0,23.33069679838036,758
0,1,0,0,1,1,0,1,0,1,17.71599589197464,481
0,0,1,0,0,1,0,1,1,1,14.546662479715025,968
1,0,1,0,0,0,1,1,0,1,7.729894860809392,850
1,1,1,0,0,0,0,1,0,1,1.9049888918830802,849
1,0,1,0,0,0,1,0,1,1,-6.61048971916398,794
1,0,1,0,0,1,0,1,0,1,4.87329694192665,976
0,0,1,1,0,0,1,1,1,1,25.486367955813645,846
0,0,0,1,1,1,0,1,1,1,17.58153887357874,492
0,0,1,1,1,0,1,0,0,1,0.6689324378742736,806
1,0,1,0,0,1,0,0,1,1,10.320769641884311,920
0,0,1,0,0,1,0,0,1,1,11.596080309895893,904
0,0,0,0,0,1,1,1,0,0,1.1470167008167835,194
0,0,1,1,0,0,0,0,0,1,3.0135596613606306,772
0,1,0,1,0,0,0,1,1,0,19.577653385401298,77
0,0,0,1,0,1,0,1,0,1,12.93567538375673,452
0,0,0,0,1,1,0,1,1,1,15.961562307730603,488
1,0,1,0,0,1,0,0,0,1,5.855830558333642,912
0,0,1,1,1,1,0,0,1,0,8.434797131846725,684
0,0,1,0,1,1,1,0,0,1,8.788965380049415,930
0,0,1,0,0,0,0,0,0,1,1.178282221726644,768
0,0,1,1,0,0,0,0,1,1,6.622667332297672,780
0,0,1,1,0,1,0,0,0,1,1.7098797599043203,900
0,1,1,1,1,0,1,1,0,1,21.346194668922,871
0,0,1,0,0,0,0,1,0,0,15.380099249162424,576
0,0,0,0,0,0,0,1,1,1,25.223359134830623,328
1,0,1,1,1,0,1,0,0,1,25.374046118088195,822
0,0,1,0,0,1,0,1,0,1,8.38786954335173,960
1,1,0,1,0,0,1,1,1,0,13.375345062660589,95
0,0,1,0,0,1,1,1,0,1,5.489052188365635,962
1,0,1,1,1,0,1,1,1,1,16.981699109661726,894
1,0,1,0,0,1,0,0,0,1,-1.439336746487652,912
0,0,1,0,1,1,1,1,0,1,17.037985251018917,994
1,0,1,0,0,0,0,0,1,1,-1.617854933772045,792
0,1,1,0,0,1,1,0,0,0,-10.006172083936946,643
0,0,1,0,0,0,1,0,1,1,9.068012806494414,778
1,1,1,1,0,1,1,0,1,1,-0.26999814773447994,927
1,0,1,1,1,1,0,0,0,1,18.533983016591236,948
1,0,0,0,0,0,0,1,0,0,5.658842614024249,80
1,0,1,1,1,1,0,1,1,0,-5.51357410252312,764
0,0,1,1,1,1,0,1,1,0,6.074960225543213,748
0,0,1,1,0,0,0,0,1,0,13.161301633371995,524
1,0,0,0,1,0,0,1,0,1,10.124475380181229,368
1,1,1,0,1,0,0,1,0,1,-3.021873310375507,881
1,1,1,0,1,0,1,0,0,1,2.411110106863074,819
1,0,1,1,1,1,0,0,0,1,13.158149141597159,948
1,0,0,1,0,0,0,1,1,0,12.107824438376136,92
0,1,1,0,0,1,1,1,0,0,-1.0773260595269978,707
1,0,1,1,0,0,0,1,0,1,16.863636584626747,852
0,0,0,1,0,1,1,1,0,1,8.967249380807415,454
0,0,1,0,1,1,1,0,1,1,8.929855727745597,938
0,0,1,0,0,0,0,0,1,0,14.09576685593385,520
0,0,1,1,1,0,0,0,1,1,18.110059630793693,812
1,0,1,1,1,1,0,1,1,0,-2.871437637291858,764
0,0,1,1,0,1,0,0,1,0,7.549398877201025,652
0,0,1,1,1,0,0,1,1,1,13.689032880401491,876
1,1,0,0,1,0,0,1,0,1,14.037574467367897,369
0,0,1,0,1,0,0,1,1,0,11.326840049102803,616
0,0,1,0,0,1,0,1,1,1,13.23590805089146,968
1,0,0,0,0,0,0,0,1,1,7.185061550222931,280
1,1,0,0,0,1,1,0,1,1,-4.875601173235881,411
1,1,1,0,0,0,1,1,0,1,2.3280649593859586,851
1,1,0,0,1,1,0,1,1,1,14.023508003162096,505
0,0,1,0,1,1,0,1,1,1,16.289531152826505,1000
1,1,1,0,1,1,0,0,0,0,-0.29353146530526786,689
1,0,1,0,1,0,0,1,0,0,16.32317218830765,624
1,0,1,0,0,0,0,1,1,1,9.70353562108668,856
1,0,0,1,1,1,1,0,0,1,19.779933255242696,438
1,0,0,1,1,1,0,1,1,1,12.141459982906301,508
0,0,1,1,1,1,0,0,0,0,1.2933866997482104,676
1,1,1,0,1,0,1,1,1,1,-4.613750564621814,891
0,0,1,1,0,0,1,1,1,0,22.09746647743171,590
1,0,1,0,0,1,0,1,0,0,-0.3607473589742689,720
1,0,1,1,0,1,0,0,1,1,12.247396539449277,924
1,0,1,1,0,0,1,0,1,1,11.11693706484257,798
0,0,1,0,0,1,0,0,0,1,-4.439616792526029,896
1,0,1,1,0,1,0,1,1,0,6.147203954433048,732
1,1,1,0,0,1,0,1,1,0,4.49086049861968,729
0,1,1,0,1,0,0,1,0,0,9.88298086198643,609
1,0,0,0,0,0,0,0,0,0,4.207911040509293,16
1,0,1,0,0,1,1,0,1,1,-0.5726562921535541,922
1,0,1,0,0,0,1,0,0,0,2.5318780375954892,530
1,1,1,0,1,1,0,1,1,0,-0.39976088330114834,761
0,0,0,1,0,1,0,1,0,1,7.813688881495178,452
1,0,1,1,1,0,0,1,1,1,14.123526626585324,892
0,1,1,0,0,1,1,0,1,0,-5.057812249008628,651
0,0,0,0,1,1,0,0,1,1,15.195710347370222,424
0,0,1,0,0,0,0,0,1,1,14.361762375811946,776
0,0,0,1,1,0,0,0,1,1,14.400323410878928,300
1,0,1,1,0,0,1,1,0,0,4.28841912367656,598
0,0,1,0,0,0,0,0,1,1,8.895526461675344,776
0,0,1,0,0,0,1,0,0,1,7.249287055902794,770
0,0,1,0,1,1,0,0,0,1,10.672132710284949,928
0,0,0,1,0,1,0,0,1,0,16.48649333894503,140
0,0,1,1,1,1,0,1,1,1,-3.255083383907559,1004
1,0,1,1,0,1,1,1,0,1,2.565131329909198,982
0,0,1,1,0,1,1,1,0,1,21.723478612492347,966
0,1,1,0,1,1,0,0,0,0,-9.738334157536322,673
1,0,1,0,0,0,0,0,0,1,4.397520003488326,784
1,0,1,0,1,0,0,1,1,1,6.312914191374183,888
0,0,1,0,0,0,0,1,1,1,5.050143585435714,840
1,0,1,1,1,0,0,1,0,1,8.248458031373165,884
0,0,0,0,0,0,0,1,0,1,9.77432845446145,320
1,0,1,0,1,1,0,0,0,0,-0.14296814781235856,688
0,0,1,1,0,1,0,1,0,0,13.21191954040885,708
0,0,0,0,0,0,0,0,0,0,1.005011136571559,0
1,0,1,1,1,0,0,0,0,0,9.301856153816003,564
1,0,1,1,0,1,1,0,1,1,7.7524110032709945,926
0,0,0,0,0,0,1,1,0,1,9.063500697572255,322
1,0,0,0,0,0,0,1,0,0,11.34742788990357,80
0,0,0,1,0,1,1,0,1,0,5.667677574338208,142
0,0,1,0,1,0,0,1,1,0,13.821201341008669,616
0,0,1,0,0,0,0,1,0,1,5.494904739736031,832
0,0,0,0,0,1,0,1,0,1,11.89449136959539,448
1,0,0,0,0,0,1,0,0,1,8.52446906400136,274
1,0,1,1,0,1,1,0,1,0,18.726940530404754,670
0,0,0,1,1,1,0,1,0,0,-2.8230196084995267,228
1,0,1,0,1,1,0,1,1,1,0.4901613807490346,1016
0,0,1,0,1,1,0,0,0,1,6.6244640779004085,928
0,0,1,0,1,0,1,1,1,1,23.357084375407133,874
0,0,0,0,1,0,0,1,1,1,16.689138327633028,360
1,0,1,0,1,1,1,1,0,1,19.425112443803947,1010
1,0,1,0,0,1,0,1,0,1,13.333295752128231,976
0,0,1,1,1,1,1,0,0,1,10.275132652900716,934
0,0,1,0,1,0,0,0,0,1,10.085462533663415,800
1,0,1,0,0,0,0,1,1,0,8.892594035826985,600
0,0,1,0,1,0,0,0,0,0,0.12653788654260278,544
1,0,1,1,0,0,1,0,1,1,4.918785447259418,798
0,0,1,0,1,0,0,0,0,1,8.938350393688424,800
0,0,1,0,1,0,0,0,0,1,5.343128030504207,800
1,0,0,1,1,0,0,1,0,0,20.335985543199552,116
1,0,1,1,1,0,1,1,0,0,20.777011973061242,630
1,0,1,1,0,1,0,0,0,0,8.019086284227022,660
0,0,1,1,1,0,0,1,1,1,9.871820912575668,876
1,1,1,0,0,1,0,1,1,1,1.2200089657629718,985
0,0,1,0,0,0,0,0,0,1,4.952247701443396,768
0,0,1,1,0,0,0,0,1,0,12.317584345908232,524
1,1,1,1,0,0,0,0,0,1,0.2931873887871035,789
0,0,1,0,1,1,1,0,0,0,-2.515474664849893,674
0,0,1,0,1,1,0,1,0,1,8.904727040285017,992
0,1,1,0,1,1,0,0,1,0,-4.879533269818982,681
0,0,0,1,1,1,0,0,1,1,15.502979218594115,428
1,0,1,0,0,0,0,0,0,0,-6.779591513291495,528
0,1,0,0,0,0,0,1,1,1,20.670754294302306,329
1,0,1,0,1,1,0,0,1,0,5.003048259365411,696
0,0,1,1,1,0,0,0,0,1,4.128640152393508,804
1,0,1,0,1,0,0,1,1,0,4.865479080114549,632
0,0,1,0,0,0,1,1,0,1,11.47181764395619,834
0,0,0,1,0,1,0,0,1,0,8.309231330640594,140
0,0,0,0,1,1,0,1,0,1,11.250740682589427,480
1,0,0,0,1,1,0,1,1,0,5.585757341899084,248
0,0,1,1,1,1,0,1,0,1,9.377540225418386,996
0,0,1,0,1,1,0,0,0,1,1.8106290020980742,928
1,1,1,1,0,1,0,1,1,1,13.204126839765271,989
0,0,1,1,0,0,0,0,1,0,11.464320433267154,524
1,0,1,1,1,1,0,1,1,0,2.58129408648794,764
1,0,1,1,0,0,0,1,0,1,4.030897456037752,852
0,0,1,0,0,0,0,0,1,1,9.29864415075423,776
0,0,0,0,1,1,1,1,0,1,14.975105150183207,482
1,0,1,1,0,1,0,1,0,1,-3.38128413934889,980
0,1,1,0,0,1,1,0,0,0,-4.077492128001275,643
0,0,1,1,1,1,1,0,1,1,8.398164349320986,942
1,0,1,1,1,1,0,1,1,1,-10.151965893070482,1020
0,0,1,1,0,1,1,0,1,1,8.924997312942898,910
1,0,1,1,0,0,0,0,0,0,6.523386633203016,532
0,0,0,0,0,1,0,1,1,0,13.742327810883564,200
1,1,1,1,1,1,0,1,0,0,29.47868374394998,757
0,0,1,1,0,0,0,0,1,0,15.58192014917286,524
1,0,1,1,0,0,1,0,1,1,-1.6194217809664329,798
0,0,0,0,0,1,0,0,1,1,14.708622694824705,392
0,0,1,0,1,1,1,0,0,0,5.460207320169994,674
0,0,1,0,1,1,0,0,1,1,10.650512989646561,936
0,0,1,1,1,0,1,0,0,0,2.84208128318459,550
1,0,1,0,0,1,0,1,0,1,1.3747555329229915,976
0,0,1,1,0,1,0,1,1,1,27.39986243723625,972
0,0,1,0,0,0,0,1,1,1,9.486144441058782,840
1,0,1,0,0,0,0,0,1,1,8.852278890132574,792
0,0,1,0,0,1,0,1,1,1,8.093750061801376,968
1,0,1,1,1,1,0,0,1,0,3.011836093842968,700
0,0,1,0,1,0,1,0,0,1,-3.3042335363318784,802
0,0,1,0,0,0,1,1,1,0,8.167267224187455,586
0,0,1,1,0,1,0,1,1,0,16.209766629628504,716
0,0,1,1,0,1,0,1,1,1,9.624207910977201,972
0,0,0,1,0,1,0,1,1,1,21.895568569511106,460
1,0,1,1,1,0,0,0,1,0,16.987292255483936,572
1,1,1,1,1,1,0,0,1,1,7.494282385243373,957
1,0,0,1,0,0,1,0,0,1,1.7464483652804512,278
1,0,1,0,1,1,0,1,0,1,11.311026401647098,1008
0,0,1,1,0,0,0,1,1,0,14.3934182235438,588
1,0,0,0,0,0,0,0,0,1,16.110788872407184,272
0,0,1,0,0,1,0,0,1,1,3.3361292637254154,904
1,0,1,0,1,0,0,0,0,1,0.04781893038284846,816
0,0,1,1,0,1,0,1,1,1,19.224806385563628,972
0,0,1,0,1,1,0,1,0,1,8.195441806691006,992
0,1,0,0,1,1,1,1,0,0,10.626707991894218,227
1,0,1,0,0,0,0,1,0,1,12.327131606786647,848
0,0,0,0,0,1,1,0,1,0,-0.8072297069959444,138
0,1,1,0,0,0,0,1,1,0,10.745374924523961,585
1,1,0,1,1,0,0,0,0,0,9.322151461977331,53
0,1,1,0,0,0,0,1,0,0,2.176168172299855,577
0,0,1,0,1,0,1,1,0,1,7.532799862866971,866
1,0,1,0,0,0,0,0,0,1,4.548437490630152,784
0,0,1,1,0,1,0,0,1,1,5.931214503798495,908
0,0,1,0,1,1,0,0,0,0,11.310746982017816,672
1,0,1,0,1,1,1,0,0,0,2.105213357307177,690
0,1,0,0,0,0,0,1,1,1,22.0601340212857,329
1,1,1,1,0,0,1,0,0,0,1.6373767054240522,535
0,0,0,0,1,0,0,0,0,0,12.267131674333708,32
1,0,0,1,1,1,0,0,0,0,9.86328446812584,180
1,0,1,0,0,1,1,0,1,0,6.834454463410447,666
1,0,1,0,0,1,0,0,0,1,-8.291563620174868,912
0,0,0,1,0,1,0,0,0,0,9.04357274429158,132
1,0,0,1,1,1,1,0,1,0,23.67344376230556,190
0,0,0,1,1,0,1,1,0,0,14.532709700423416,102
1,1,0,0,0,1,0,0,0,0,3.536867568331197,145
0,0,1,1,1,1,0,1,1,1,13.14366694662843,1004
0,0,1,0,0,1,0,0,0,1,7.914885094350135,896
0,0,1,1,0,0,0,0,1,0,16.314126040844897,524
0,0,1,0,1,1,0,1,1,1,20.46263348820645,1000
0,0,0,1,1,1,0,1,0,1,15.638664239390081,484
1,1,1,0,0,0,1,0,1,0,-0.8506901594429275,539
0,0,1,0,1,0,0,0,0,0,10.110954634669245,544
1,0,1,0,1,0,0,0,0,1,5.304146407355403,816
1,0,1,0,1,1,0,1,1,1,-7.34311441844737,1016
1,1,1,0,1,0,0,1,1,1,5.549884529243091,889
1,0,1,0,0,0,1,1,0,1,8.102495357320159,850
0,0,0,0,1,1,0,1,0,0,11.793175588465102,224
0,0,1,1,0,1,1,0,0,0,18.76236247402577,646
1,0,0,1,1,1,1,1,0,1,21.143597638204206,502
1,0,0,1,0,1,0,0,0,1,15.906413657504714,404
1,0,1,1,0,1,1,1,0,0,8.521757025257381,726
0,0,1,1,1,1,0,1,0,0,11.188322009815046,740
0,0,1,0,0,0,0,0,1,0,4.756530238712997,520
0,0,1,0,0,1,0,1,1,1,7.304209212819918,968
1,0,1,0,0,1,0,1,1,0,5.651272317221384,728
0,0,0,1,1,0,0,1,1,0,13.932045368766328,108
1,0,1,0,1,0,1,0,1,1,-0.10668980543887585,826
0,1,1,0,0,1,0,0,1,0,8.753137286918431,649
1,0,0,0,0,0,0,1,0,0,20.83279207340341,80
0,0,0,1,1,1,0,1,0,1,13.080554272089524,484
0,1,1,1,0,0,0,1,1,0,7.507544115984638,589
0,0,0,0,1,1,0,1,1,1,23.022379054961235,488
0,0,0,0,1,0,1,0,1,0,9.151694517518155,42
1,0,1,1,0,1,0,1,1,1,9.5353187631754,988
1,0,1,1,1,0,0,1,1,1,16.491475621278376,892
0,0,1,0,1,1,0,1,0,1,12.254912490579684,992
0,0,1,1,1,0,0,0,0,0,3.843167550579103,548
1,0,1,1,0,0,0,0,1,1,2.9708713600661847,796
1,0,0,1,0,1,0,1,0,1,10.400651811748714,468
0,1,1,1,0,0,1,1,1,0,12.088117393347115,591
0,1,1,1,0,1,1,1,1,0,20.135344165299557,719
0,0,1,0,0,1,0,1,1,1,9.18759200505141,968
1,0,1,0,1,1,0,0,0,0,3.9306655007246962,688
0,0,1,1,0,0,0,1,0,0,10.299204121840955,580
1,0,1,1,1,0,0,0,0,1,20.287299961299322,820
1,1,1,1,1,1,1,1,1,1,5.267646117153797,1023
0,0,0,1,0,1,1,1,0,1,-2.487403771327781,454
0,1,1,0,0,1,0,1,1,1,5.35453915255067,969
0,0,0,1,1,1,0,1,0,1,19.238791510161118,484
0,1,1,0,0,1,0,0,1,0,2.3122194004068612,649
0,0,1,1,1,0,0,0,1,1,18.693279463357154,812
1,1,1,1,0,0,0,1,1,0,7.6004014438812195,605
1,0,0,1,0,0,0,1,0,1,18.2820977315529,340
1,0,1,0,0,0,0,0,1,1,6.176598955296316,792
1,0,1,0,0,0,0,0,0,0,-1.114427393991953,528
1,0,1,0,1,1,0,0,0,1,12.507579452316826,944
1,0,1,1,1,0,0,0,1,0,17.345851692706706,572
0,1,1,1,1,0,1,1,1,0,15.532664215745811,623
1,0,1,1,1,0,0,1,1,1,17.733431737273698,892
0,0,1,1,0,1,0,0,0,1,3.924435247864661,900
0,0,0,0,1,0,0,0,0,0,1.3905196281087875,32
1,0,0,0,1,1,0,1,0,1,19.434292802527025,496
0,0,1,0,0,1,1,0,1,1,9.051352967673095,906
1,0,1,1,1,1,1,0,1,0,24.020896790614056,702
0,1,1,0,0,1,0,0,0,0,-9.46061168217631,641
0,0,1,0,1,1,0,1,1,0,10.05486658126441,744
1,0,0,1,1,1,0,1,0,1,25.89146871934437,500
0,0,0,1,0,1,0,1,0,1,18.58794328696083,452
0,0,1,0,1,1,0,1,0,1,12.986894145713677,992
1,0,1,1,0,1,0,1,0,1,5.808099072035677,980
0,0,1,0,0,1,0,0,1,0,3.144250744588738,648
1,1,1,1,1,0,0,0,1,1,20.05694193093593,829
0,0,1,1,1,0,0,1,0,1,13.686462255731188,868
0,0,1,0,1,1,0,0,1,1,16.352142552980098,936
1,1,1,0,0,0,1,1,0,0,-5.580917453391003,595
0,0,1,0,0,0,0,0,0,1,3.18328234749799,768
0,0,1,0,0,1,0,1,1,1,16.036729623125872,968
0,0,1,0,0,0,1,1,0,1,12.128358553838968,834
1,0,1,1,0,1,0,1,0,0,3.774940739056328,724
0,0,1,0,1,1,0,0,0,0,-3.649114674135344,672
0,0,1,0,0,1,0,1,1,1,13.34984577325126,968
0,0,1,1,0,1,1,1,0,1,16.8404643424182,966
1,0,1,1,0,0,0,1,1,0,2.9494078524364937,604
1,0,1,0,1,0,1,0,0,0,2.465232326782723,562
0,0,1,0,1,0,0,0,1,1,10.594788923771958,808
0,0,1,0,0,0,0,1,0,0,1.10112159071518,576
0,0,1,1,0,1,0,1,1,1,22.826610263432585,972
1,1,1,1,1,1,0,0,1,1,12.159121554397007,957
0,0,0,0,0,0,0,0,0,1,7.566269549039365,256
1,0,1,1,1,1,0,1,0,1,9.612009864664927,1012
0,0,1,1,1,0,0,0,0,1,7.839574818045422,804
0,0,1,0,1,1,1,1,0,1,22.996448220042232,994
1,1,0,1,0,1,0,1,0,1,11.516894758991159,469
0,0,1,1,1,1,1,0,0,0,10.277594246977806,678
0,0,1,0,1,1,0,1,0,1,2.6861852308079417,992
0,1,1,0,1,0,0,0,0,1,8.32196227874414,801
1,0,1,1,0,1,0,1,0,1,-5.075171585347942,980
1,0,1,1,1,1,0,0,0,0,3.317822991360691,692
0,0,0,0,1,1,0,1,1,0,22.91810357271656,232
1,0,1,1,1,0,0,1,1,1,12.373015939387672,892
1,0,0,0,0,1,0,1,1,0,6.636455179209994,216
1,0,1,0,0,0,0,0,0,0,-4.566983081802004,528
0,0,1,1,0,0,0,0,1,1,7.296863060615713,780
0,0,1,0,0,0,0,1,1,1,16.146799388043885,840
1,0,1,0,1,1,0,1,0,1,13.19044992868425,1008
0,0,1,1,0,1,1,0,0,1,2.881365567259759,902
0,0,1,0,1,0,1,1,1,1,21.088998167276277,874
1,0,1,1,0,0,0,0,1,1,11.785508391992755,796
0,0,0,0,0,1,1,1,1,1,19.571738363775587,458
0,0,1,0,0,0,1,1,0,1,11.246671180836135,834
1,0,1,0,0,0,1,0,0,1,3.4263156934494985,786
1,0,0,0,1,1,0,0,0,1,11.12503153302093,432
1,0,1,1,1,1,0,1,1,1,-7.653894118058279,1020
0,0,1,1,0,0,0,0,0,1,8.767371708235741,772
0,0,1,0,1,1,1,0,1,1,11.699025800153041,938
0,1,1,0,1,0,0,0,0,1,22.336218794480597,801
0,0,0,1,0,0,0,0,0,1,10.689545187868086,260
1,0,0,0,0,1,0,1,0,1,7.93013503359413,464
0,0,1,0,0,1,0,1,1,1,15.856863107534382,968
1,0,1,1,1,0,0,0,0,0,15.151637939723951,564
0,0,1,1,0,0,0,0,0,1,12.018619812823122,772
0,0,0,0,0,0,0,1,0,1,5.23653366649757,320
0,0,1,0,0,1,0,0,0,0,-5.3815721290212615,640
0,0,1,0,0,0,0,1,1,1,13.9819944921508,840
1,0,1,0,1,1,0,1,0,1,9.394411142123854,1008
0,0,0,0,0,1,1,0,0,1,-3.845439381672354,386
0,0,1,0,0,0,0,1,0,0,4.281695023516736,576
1,0,0,1,1,0,0,1,0,1,14.537329501816242,372
0,1,1,0,1,0,0,0,0,1,-4.110254559153169,801
0,0,1,1,0,0,0,1,1,0,11.034329774529148,588
1,1,1,1,0,0,0,0,0,0,11.55378515593285,533
1,0,0,1,0,1,0,0,0,1,4.69854199259835,404
1,0,1,0,1,1,0,1,1,1,-4.781656744656087,1016
0,0,0,1,0,1,0,0,0,1,-3.824717594215713,388
0,1,1,0,0,1,1,1,1,1,1.2684754087323453,971
1,0,1,1,0,0,0,0,1,1,10.463897970997817,796
1,0,1,0,0,1,0,1,0,1,1.948898271792979,976
1,0,0,0,1,0,0,0,0,0,14.799481949605035,48
1,1,1,0,0,1,1,1,1,0,1.8903482345175115,731
1,0,1,0,1,1,0,1,0,1,10.981531753453709,1008
0,0,1,0,0,1,0,1,0,1,2.226705108639859,960
1,0,1,0,1,0,0,0,0,1,1.7080898381150904,816
0,0,1,0,1,0,1,0,0,1,1.8320948414114948,802
0,0,1,0,0,0,0,0,1,1,1.2501351954172306,776
0,0,1,0,1,1,0,1,0,1,7.447655467203325,992
0,0,1,1,0,1,0,0,0,1,5.601725067690879,900
0,0,1,1,0,1,0,0,0,0,4.45001981350253,644
1,0,1,1,0,1,0,1,0,1,-0.8384190172271624,980
0,0,1,1,0,1,1,0,0,1,12.004053009002899,902
1,1,1,1,0,1,0,1,1,1,0.376755686548055,989
1,0,1,1,1,1,0,0,1,0,8.14192622605689,700
1,0,1,0,0,1,1,1,1,1,-2.3982060117181874,986
0,0,0,0,1,1,0,1,0,0,3.718995434947447,224
1,0,1,1,1,0,1,1,0,1,26.248485853412852,886
0,1,1,0,0,1,0,0,1,0,-1.3637108289805857,649
1,0,1,1,0,1,0,0,1,1,11.922479836658184,924
0,0,1,0,0,0,1,1,1,1,17.75321515142653,842
0,0,1,1,1,1,0,0,1,0,28.110481095157837,684
0,0,0,1,0,0,0,1,1,1,21.253412965269632,332
1,0,1,0,1,1,0,1,1,1,-2.981685383589787,1016
1,0,1,1,1,1,0,1,0,1,15.411380927472129,1012
0,1,1,0,0,1,0,0,0,1,-11.92077578693951,897
1,0,1,0,1,1,0,0,1,0,7.603397972801487,696
0,0,0,0,0,0,1,0,0,1,1.6570067173633594,258
0,0,1,1,1,0,0,0,0,0,9.780617311229882,548
1,0,1,0,0,1,0,0,0,0,3.2108299588308125,656
1,1,1,0,1,0,1,1,0,0,-6.243022207535093,627
1,0,1,0,0,1,0,0,1,1,-4.525361098390111,920
0,0,1,0,0,0,0,0,0,1,6.288410096551274,768
1,0,1,0,1,0,0,0,0,0,1.7422975607324176,560
0,0,0,1,0,0,0,1,0,1,10.757235840885699,324
0,0,1,1,0,1,0,1,1,1,14.591243567018957,972
0,1,0,0,1,0,0,1,1,0,14.82149385403776,105
0,0,1,0,1,1,1,0,1,1,12.883734244718122,938
1,0,1,0,0,0,0,1,0,1,3.1301803587704393,848
1,0,1,0,0,1,1,0,0,0,1.989574830934544,658
0,1,1,0,0,0,0,0,0,0,8.918511671294281,513
1,0,1,1,1,1,0,1,1,1,-4.4198937628234205,1020
0,0,0,0,1,1,0,0,1,1,17.474124936414825,424
1,0,1,1,1,0,1,0,1,1,14.438378903235506,830
0,0,1,0,0,1,0,1,1,1,12.11769041857592,968
1,0,1,1,1,0,0,1,1,0,18.464250555133738,636
1,0,1,0,1,0,0,1,0,1,4.580262533601407,880
1,0,1,1,0,1,1,0,1,0,11.032763526045924,670
0,1,1,1,0,0,0,0,0,1,4.130221586763142,773
1,0,1,0,0,0,0,0,1,1,0.29047832807020857,792
0,0,1,1,0,1,0,1,0,1,15.043705303055157,964
1,0,1,1,1,0,0,1,0,1,12.68371130007504,884
0,0,1,0,0,1,1,0,1,1,12.222379938456635,906
0,0,1,0,1,1,0,0,0,1,3.989439161908363,928
1,1,1,0,0,0,0,1,0,0,2.5510256259930566,593
1,0,1,1,0,1,0,0,1,1,8.71469033811856,924
1,1,1,1,1,0,0,1,1,1,39.18784532847994,893
1,0,0,0,0,1,0,0,1,1,6.177464928555486,408
1,0,1,0,0,0,0,0,0,0,-9.381616671510288,528
1,0,1,0,1,0,1,0,1,1,0.960906332107724,826
0,0,0,1,0,0,0,1,1,1,22.91537481836771,332
0,0,1,1,1,0,0,1,0,1,10.400105499493899,868
1,0,0,0,1,1,1,1,0,0,16.723783731406975,242
0,0,1,0,0,1,0,1,1,0,10.398631534007771,712
1,1,1,1,1,1,1,0,1,1,4.322288454198112,959
1,0,0,1,0,1,0,1,1,1,20.52184323352024,476
0,0,0,0,0,1,0,0,0,1,5.3755831287096445,384
0,0,1,1,1,0,0,0,1,1,16.229859864512115,812
1,0,1,0,0,1,0,0,1,1,2.4295363328804624,920
0,0,1,1,0,0,1,1,1,1,23.905586785426607,846
0,0,1,1,0,0,0,1,1,0,18.559172425226926,588
0,0,1,0,0,1,0,0,0,0,-4.672006439979777,640
1,0,1,1,1,0,1,1,0,1,28.171803285553725,886
1,0,0,1,0,1,1,1,0,0,6.500045044358371,214
0,0,1,0,1,1,0,0,0,1,8.015858085338994,928
0,1,1,0,0,0,0,1,1,0,15.102117105471905,585
1,0,0,0,1,1,0,1,1,0,2.9087820279833485,248
1,0,0,0,0,1,0,1,1,0,13.91890892800023,216
0,1,1,1,0,1,0,1,0,0,8.475044512106674,709
0,1,1,1,1,1,0,0,0,0,-4.441700695254898,677
1,0,1,1,0,0,0,0,1,1,10.078098941225019,796
1,0,1,1,0,1,1,0,1,1,5.310206169657161,926
1,0,1,0,1,1,0,0,0,1,12.422426419063989,944
0,0,1,1,0,0,0,0,1,0,16.449580362875036,524
1,0,0,1,1,0,1,1,0,1,25.314118573867113,374
0,0,1,1,1,0,0,1,0,1,7.320144609044616,868
0,1,1,1,1,1,1,0,0,0,-3.63506869049009,679
0,0,1,0,1,0,0,0,1,0,9.347958786295711,552
1,1,1,0,0,1,0,1,0,1,-6.390591728533974,977
0,0,1,0,1,0,0,1,1,1,15.808102863704322,872
1,1,1,0,0,0,0,0,1,0,8.767478286792159,537
0,0,1,0,0,1,0,0,1,0,5.459179486814142,648
0,0,1,0,1,1,1,0,0,1,-0.06366371761347711,930
0,0,1,1,1,1,1,1,0,1,24.740369921816267,998
1,1,1,0,1,0,0,0,0,1,6.511992512916358,817
1,0,1,0,0,1,1,0,0,1,-4.059014349243917,914
0,0,0,1,0,0,1,0,0,1,2.9889787630023013,262
1,0,0,0,0,1,0,1,1,1,11.115949686789302,472
0,0,1,1,0,0,0,0,0,0,1.081437081951858,516
0,1,1,1,1,1,1,0,0,1,-7.966450254397349,935
1,1,0,1,0,1,1,0,1,1,3.878183336962973,415
0,0,1,0,1,1,0,0,0,1,-1.8750493299097437,928
0,0,1,1,1,0,0,1,0,1,8.995988167064212,868
0,0,1,0,1,0,0,0,1,0,10.983568992160285,552
0,0,0,0,0,0,0,1,1,1,26.911777850871722,328
0,1,1,1,1,1,0,1,1,0,9.326395711371465,749
0,1,1,1,1,1,0,1,1,1,24.739146321424702,1005
0,0,0,0,0,0,0,0,1,1,12.193700737000702,264
0,0,1,1,0,1,1,0,0,1,11.446796712751123,902
1,1,1,0,1,1,1,1,0,0,4.411043351216575,755
1,0,1,0,1,1,0,0,0,0,-8.233949202508759,688
1,0,1,0,0,1,1,1,0,1,3.916581462509935,978
0,1,1,1,1,1,0,0,0,1,-0.1107697638568057,933
0,0,0,0,0,1,0,1,0,1,8.181507628142157,448
0,1,1,1,0,0,0,0,1,1,4.5839948403559045,781
1,1,1,0,0,1,0,0,0,1,-17.60055641492515,913
1,0,1,0,0,0,0,0,0,0,5.013644958243051,528
0,0,0,0,0,0,0,1,0,0,6.366921698800086,64
1,0,1,1,0,0,0,0,1,0,15.108136297436854,540
1,0,1,0,0,1,0,1,1,0,3.4240615602730227,728
0,0,1,1,0,0,0,0,0,0,3.288631135994655,516
1,0,0,1,1,1,0,0,0,0,3.261944400370891,180
0,0,1,0,1,1,0,1,0,1,11.440399174359882,992
1,0,1,0,0,0,0,0,1,0,-0.908740343179713,536
1,0,1,0,0,1,0,0,1,1,9.793256912830191,920
1,1,0,1,0,1,0,0,1,1,7.226846296417865,413
1,1,1,1,1,0,0,0,0,0,12.379950952938904,565
0,0,0,0,0,1,0,1,0,1,6.812800761873305,448
0,0,0,0,1,1,0,1,1,1,24.231850675920143,488
1,0,1,0,1,0,0,0,1,1,3.9858612566072305,824
0,0,0,0,1,0,1,0,1,0,9.500041947918188,42
0,0,1,1,0,1,0,0,1,0,5.712955454446928,652
1,0,1,1,1,1,0,1,1,1,-6.604281395109324,1020
0,0,1,0,0,1,0,1,0,0,8.450928778916042,704
0,0,1,1,1,1,0,0,0,1,4.550664919638527,932
0,1,0,1,0,1,1,1,0,1,10.974051743909431,455
0,0,1,0,0,0,0,0,0,1,-1.4059983280253205,768
1,0,1,1,0,0,0,0,1,1,7.301882748094485,796
1,0,1,1,1,1,0,1,0,0,15.520335473336491,756
1,0,0,1,0,1,0,1,0,0,4.150918946981191,212
0,0,1,0,1,1,0,1,0,0,4.758765118260822,736
0,0,1,0,0,1,0,0,0,1,-6.931062823582725,896
1,0,1,0,0,0,0,0,0,0,-1.427457690299347,528
1,1,1,0,1,1,0,0,0,1,-0.470804145483112,945
0,0,1,1,0,1,0,0,0,1,2.092269579362598,900
1,1,1,1,1,0,0,0,0,1,11.136725024599581,821
0,0,1,0,0,1,0,1,1,1,15.84452260884807,968
0,0,0,0,0,1,1,1,1,1,27.588041750873213,458
0,0,1,1,1,1,1,0,0,1,8.069970484548172,934
1,0,1,1,1,0,0,0,0,0,9.060684062559577,564
0,0,1,1,0,1,0,1,1,1,14.850117120502528,972
0,0,1,0,0,0,0,1,0,0,0.5232080221173963,576
1,0,1,0,1,1,0,1,0,1,9.029133140557981,1008
0,0,1,1,1,1,1,1,1,0,13.707222962642613,750
0,1,1,1,1,1,0,1,1,1,17.191455324765894,1005
1,0,1,1,0,0,0,0,0,1,10.758323323921292,788
0,0,0,0,1,0,0,1,1,1,20.20920943462321,360
1,0,0,0,0,0,1,0,0,0,13.89222090252661,18
1,1,1,1,0,0,0,1,0,1,6.546948580900506,853
1,0,1,1,1,0,1,1,1,1,23.70263952121455,894
1,0,0,1,1,0,0,0,0,1,9.437616681373168,308
1,0,0,1,0,0,0,1,1,1,28.704699573341742,348
1,1,1,1,0,1,1,1,0,0,6.78108268634991,727
0,0,0,1,0,0,1,0,1,1,17.55774684280311,270
1,0,1,0,1,1,1,0,0,0,7.501807644808755,690
0,1,1,0,1,0,0,1,0,1,13.131456832189341,865
0,1,0,0,1,0,0,0,0,1,16.774255805087325,289
1,1,1,1,1,1,0,1,0,1,27.18255611146289,1013
0,0,0,1,0,1,0,0,1,0,4.20489930339797,140
1,0,1,1,0,1,0,1,1,1,11.284319839393982,988
1,1,1,1,0,0,1,0,1,1,-3.425431177880725,799
0,0,0,0,0,1,0,1,1,1,12.221710963310983,456
0,0,1,0,0,1,1,1,0,0,-1.6142208907023994,706
0,1,1,1,0,0,0,1,1,0,7.971853582684416,589
1,0,0,0,1,1,0,0,1,1,0.5163263008937173,440
1,1,0,1,0,1,0,1,0,0,7.308704146464085,213
0,0,1,0,1,1,0,1,0,1,13.267121678920446,992
0,0,1,0,1,1,0,0,0,1,18.89112879575093,928
1,0,1,0,0,0,0,0,0,0,4.8649097598185485,528
1,0,1,1,0,1,1,0,0,1,8.923553412204273,918
0,0,1,1,1,0,0,1,1,1,21.45612950949405,876
0,0,1,0,0,1,0,0,1,1,4.998369289276894,904
1,0,1,0,0,0,1,1,0,0,3.425313833314342,594
1,0,1,0,0,1,1,0,1,0,6.204527749924983,666
0,0,0,0,1,1,0,0,0,1,9.480384840651915,416
0,0,1,0,1,1,1,0,1,0,19.265141566591915,682
0,0,1,1,0,1,0,1,0,0,14.093850288265642,708
0,0,1,0,1,1,0,0,1,1,15.183455380002172,936
0,1,1,1,0,1,0,1,1,0,8.552119692541575,717
0,0,0,0,0,0,0,1,1,0,15.361466341044688,72
1,1,0,0,1,1,0,1,0,1,22.752014315846804,497
0,0,1,1,1,1,1,1,1,0,21.74820605906973,750
0,0,0,0,0,1,0,1,0,1,7.47407311193006,448
1,0,1,0,0,1,1,0,1,1,-5.881140980935145,922
0,0,1,0,1,0,0,1,0,1,-5.638837810721112,864
0,1,0,1,0,0,1,0,1,0,6.609260680367548,15
0,1,1,1,0,1,1,0,0,1,-2.751831326764195,903
1,1,0,0,0,1,0,0,1,0,6.151966516706915,153
0,0,1,0,1,0,0,1,0,1,7.555521842207314,864
0,0,1,1,0,0,0,1,0,1,9.187369621771442,836
1,0,1,0,0,1,0,0,0,1,3.191568576926132,912
1,1,1,1,1,0,1,0,0,1,17.21412609723326,823
0,0,1,0,0,1,0,0,0,1,-4.9699117900882435,896
1,0,1,1,1,0,0,0,0,1,9.453790823981286,820
1,0,1,0,0,0,0,0,1,0,7.881959272721213,536
1,0,1,0,1,1,1,0,1,1,-6.9589753600682425,954
1,1,1,1,1,1,0,0,0,1,6.292354817091113,949
1,0,1,0,1,1,0,1,1,1,-6.204683321111278,1016
0,0,0,1,1,0,0,0,1,0,19.347042282406367,44
1,0,1,1,0,0,0,0,0,0,16.834911499092463,532
1,0,1,1,1,1,0,0,0,1,17.710173242386,948
0,0,1,0,0,1,0,1,0,1,5.275901723803418,960
0,0,0,1,1,0,1,1,0,0,7.01206045074508,102
1,0,1,0,0,0,1,0,0,0,3.2388424948224612,530
1,1,1,1,0,1,0,1,1,1,15.466052499378671,989
1,0,1,0,0,1,0,1,1,1,1.8732219615730754,984
0,0,1,1,1,1,0,0,1,1,16.965432811065078,940
0,0,1,0,0,1,0,1,0,1,3.6566844804555108,960
0,0,1,1,1,1,0,1,1,1,15.586303787155664,1004
1,1,1,0,0,1,0,1,0,1,-0.18881266287065568,977
1,0,1,0,1,1,0,0,0,1,2.8200159372668727,944
1,0,0,0,1,0,0,1,0,0,19.396578553455345,112
1,0,0,1,1,0,1,0,0,0,12.244005229109792,54
0,1,1,0,1,1,0,1,1,1,8.663866309115873,1001
0,1,0,0,0,1,1,0,0,0,1.236704303129712,131
1,1,1,0,0,1,0,1,1,1,3.941134307836318,985
1,0,1,0,1,1,1,0,0,1,5.473615250541024,946
0,1,1,0,0,0,1,1,0,1,7.32215901427276,835
1,0,0,0,0,0,0,1,1,1,20.50268261102295,344
1,0,1,0,0,0,0,1,0,0,4.6350938743486045,592
1,1,1,0,1,1,0,1,0,1,11.431730823932046,1009
0,0,0,1,0,0,0,0,0,0,11.342240586005135,4
0,1,1,0,1,1,1,0,1,0,3.6159299626232304,683
0,0,1,0,0,0,1,1,1,1,20.910807136948502,842
0,0,1,1,1,1,0,0,1,0,4.044812110955908,684
1,0,1,0,1,0,0,0,1,1,10.993315780701499,824
1,1,1,0,0,0,0,0,0,1,8.657944801514171,785
1,0,1,1,0,1,0,1,1,1,14.258036799892329,988
1,0,1,1,0,1,0,1,1,0,7.242247773802496,732
0,1,1,0,0,0,1,0,1,1,6.336104650204367,779
1,0,1,1,1,0,0,1,1,1,18.620473252912312,892
0,0,1,0,1,1,0,1,0,0,6.557353991215853,736
1,0,0,1,0,0,0,0,0,0,9.06369773743435,20
1,0,0,1,1,1,1,0,1,1,1.0276223888143043,446
1,0,0,1,1,1,0,0,1,1,21.273151140174924,444
0,0,1,1,1,1,0,0,1,1,11.66123896069256,940
1,0,0,1,0,1,0,1,1,1,26.002686367758763,476
0,0,0,1,0,1,1,1,0,0,17.547508370187977,198
0,0,1,1,1,1,0,1,0,0,-6.929034881862835,740
0,1,1,1,1,1,0,0,0,1,2.019340965602602,933
1,0,0,0,1,1,0,0,0,1,8.51169152810242,432
0,0,1,0,1,0,1,1,1,1,22.74227177040447,874
1,1,1,1,0,1,1,0,0,1,1.44152975193082,919
0,1,1,1,0,1,0,1,1,0,7.82246475031512,717
0,1,1,0,0,1,1,0,0,1,-5.6644786545169366,899
1,0,1,1,0,1,0,0,0,0,13.478976990020787,660
0,0,0,0,0,1,0,0,1,0,8.12572159328918,136
1,0,1,1,1,0,1,0,0,1,28.179827805781493,822
0,1,1,1,0,0,0,0,0,1,-5.307243397415508,773
1,0,1,1,0,0,1,0,1,1,10.586540123039029,798
0,0,0,0,0,0,0,0,1,0,7.781836593212891,8
0,0,1,0,0,1,0,0,0,0,-2.3138304358909902,640
0,0,1,0,1,1,0,0,1,0,9.231492396889847,680
0,0,0,1,0,1,0,0,0,0,12.855729214666141,132
0,0,1,0,1,1,0,0,1,1,18.183424328342745,936
0,0,0,1,1,1,0,1,1,1,18.97711546252497,492
1,0,1,1,0,1,0,1,1,0,8.110205429918203,732
1,0,1,0,1,1,0,1,0,0,9.235773258910594,752
0,0,1,0,0,0,0,0,0,1,4.447499625623511,768
0,1,1,0,1,0,0,0,0,1,2.9964257954057967,801
1,1,1,1,0,1,1,1,0,0,3.6595455534456613,727
1,0,1,0,1,1,1,0,0,1,13.864061182469992,946
0,0,1,1,1,0,1,1,0,1,17.476847219167272,870
0,0,1,0,0,1,1,1,0,1,1.72232036480119,962
1,0,1,0,1,0,0,0,1,0,13.942183740517056,568
1,1,0,0,0,0,1,1,0,1,1.8296296916111638,339
1,0,1,0,0,0,1,0,1,1,-6.150949787234273,794
0,0,1,0,0,1,0,1,0,0,7.472753338859858,704
1,0,1,1,0,0,0,1,1,0,12.077073247659747,604
0,0,1,0,1,1,0,1,1,1,13.616869412824428,1000
1,1,1,1,1,1,0,1,1,0,26.93736204332467,765
0,0,0,1,0,1,0,0,1,0,12.753575658072329,140
0,0,1,1,1,1,0,1,1,0,4.934717717437376,748
1,0,1,1,1,1,0,1,1,1,-0.07025109199981117,1020
1,0,0,1,1,0,0,0,1,1,19.67764920440984,316
0,0,1,0,1,1,0,1,1,0,7.2281286646624965,744
0,0,1,1,1,1,0,1,1,1,21.499201340976477,1004
0,0,1,1,1,0,0,0,0,0,3.422084647182552,548
0,0,0,0,1,1,0,0,0,1,7.3504772403161835,416
1,0,0,0,1,0,0,1,0,1,8.508635706548317,368
1,0,0,0,1,0,0,0,1,0,0.2937372314260598,56
1,1,1,0,0,1,0,1,1,0,-11.71500107486152,729
1,0,1,1,0,0,0,0,0,1,10.742517879632215,788
1,1,1,1,0,1,0,0,0,1,4.913284168488498,917
0,1,1,0,1,0,0,1,0,1,7.47437304528435,865
0,1,1,1,1,1,0,1,1,1,16.460524096001965,1005
1,0,1,1,0,1,1,0,1,0,9.494683159688504,670
0,0,1,0,0,0,1,0,1,1,2.300502487254979,778
1,0,0,0,1,1,1,1,0,0,4.974484785490795,242
0,1,1,0,1,0,0,0,1,1,4.947524887382247,809
0,1,1,0,0,1,0,1,0,0,4.23695630834778,705
0,0,0,0,0,1,0,1,1,0,12.757006889575903,200
0,1,1,0,1,1,1,1,1,0,13.486676752255843,747
0,0,1,1,1,0,0,1,1,1,25.056514844028527,876
0,0,1,1,0,1,0,0,0,0,4.183716422790049,644
0,0,1,1,0,0,0,1,0,0,8.700999694114739,580
0,0,1,1,1,1,0,0,0,0,1.1591092686570175,676
1,1,1,1,1,1,0,0,0,0,-4.89511306533103,693
0,0,1,1,0,0,0,1,0,1,6.550302382773212,836
0,1,0,0,0,0,0,1,0,1,13.28908872749309,321
1,0,0,0,0,0,0,1,1,0,19.831653021054475,88
0,0,1,0,1,1,0,1,1,0,4.268269835357417,744
1,0,1,1,1,1,0,1,0,1,19.85238787818419,1012
1,0,0,0,1,1,0,0,0,0,-0.11227153961803138,176
1,0,1,0,0,0,1,1,1,0,10.201009336366235,602
1,0,1,0,1,1,1,0,1,1,-5.260346018719367,954
0,1,1,1,0,1,1,0,1,1,0.25153816386761596,911
0,0,1,0,1,1,0,1,1,1,15.870019046262588,1000
1,1,1,0,1,1,1,1,0,1,6.672235327336949,1011
0,0,0,0,0,0,0,1,0,1,11.641183351188145,320
1,0,1,0,1,1,1,0,0,1,6.646547564789788,946
0,1,1,1,0,0,1,0,0,1,-1.3887048222294127,775
0,0,1,0,1,1,0,0,0,0,5.974533653474596,672
0,0,1,0,0,0,1,1,0,1,10.206943163349543,834
1,0,1,0,0,0,0,1,0,1,5.13447189359694,848
1,0,0,0,0,0,1,1,0,1,15.821259915474311,338
1,0,1,0,0,1,0,1,1,0,3.860390310434993,728
0,1,1,1,0,0,1,0,0,1,2.670096796831267,775
0,0,1,0,1,0,0,0,0,0,6.386006963928112,544
0,0,0,1,0,1,0,0,1,1,18.869792815311563,396
1,0,0,0,1,1,0,1,1,1,9.394534043831275,504
0,0,1,1,1,1,0,0,0,1,6.262904584137207,932
0,0,1,1,1,1,0,1,0,1,18.721132969553828,996
1,0,0,1,0,0,0,1,1,0,24.903272495983913,92
0,0,0,0,0,1,0,0,1,1,10.49802275825196,392
0,0,1,0,1,1,1,1,1,1,23.590383809045775,1002
1,0,0,1,0,1,0,1,1,1,16.784911246312006,476
0,0,1,1,1,1,0,1,1,1,16.243555336501053,1004
0,1,1,1,0,1,1,0,0,1,-13.43066303793139,903
1,0,0,1,1,1,0,1,1,0,12.187798530876778,252
0,0,1,0,1,1,0,1,0,0,10.450885759733186,736
0,0,1,0,0,1,0,1,0,1,-2.6731297848527094,960
0,0,1,1,0,0,1,0,1,1,11.274133010667114,782
0,0,1,0,0,0,1,0,1,1,7.151425440785671,778
1,0,1,1,1,1,0,1,0,1,6.925461665592448,1012
0,0,1,1,0,0,0,1,1,1,21.706746838532304,844
0,0,0,1,1,0,1,0,0,0,-1.1728525410637882,38
0,0,1,0,1,1,1,1,0,1,16.930165434008227,994
1,0,0,0,1,0,1,0,1,1,4.003403960183053,314
1,0,1,1,0,1,1,1,1,1,2.548414093443175,990
0,1,1,0,0,1,0,0,0,1,-13.793354197911826,897
1,0,1,1,1,1,0,0,0,1,9.374384839448993,948
1,1,1,1,0,0,0,1,0,1,5.224845195348461,853
1,0,0,0,1,0,0,1,0,1,16.345276002386576,368
1,0,0,0,1,0,1,0,1,1,6.218790524771486,314
1,0,0,1,1,0,0,1,0,0,19.549376121296824,116
1,0,1,1,0,0,0,1,0,1,0.7152774885261532,852
1,1,1,0,1,0,0,1,1,1,10.039228967071766,889
1,0,1,1,1,0,0,1,1,1,18.252332056737774,892
1,1,1,0,0,1,0,0,0,0,-5.432079545826417,657
1,1,1,1,1,1,0,0,1,1,14.012534938715936,957
1,0,1,0,0,1,1,1,0,0,2.831362940200058,722
1,0,0,0,1,0,0,0,1,1,11.87480266158445,312
0,0,1,0,0,1,0,0,1,0,4.844928275465081,648
1,0,1,0,1,1,1,0,0,0,13.01474082050842,690
0,0,1,0,0,1,0,0,1,1,8.646596515426054,904
0,0,1,0,0,1,0,1,1,1,20.74708927964495,968
0,1,1,1,0,1,0,0,1,1,11.53196513576075,909
0,0,0,0,0,1,0,1,0,1,10.485967278946628,448
1,0,0,1,1,0,0,0,1,0,24.660636074785998,60
0,0,1,1,1,0,0,1,0,1,13.247740805740737,868
1,0,1,0,0,0,0,0,1,1,1.292353448966555,792
0,0,1,1,0,1,0,0,0,1,5.386059295389124,900
1,0,1,1,0,0,0,1,0,1,12.041780268906564,852
0,1,1,0,1,0,0,0,0,1,8.49230481781998,801
0,0,1,1,1,1,1,0,0,1,16.41250480387373,934
0,0,1,1,0,0,0,1,0,1,-3.2034612691191686,836
1,0,1,0,0,1,0,0,1,0,-0.7880964558475347,664
0,0,1,1,1,0,0,0,0,1,10.08521592390289,804
0,1,0,1,0,1,0,1,0,0,13.934384063898634,197
0,0,0,0,1,0,0,0,0,1,4.559621145096065,288
0,0,1,0,1,0,0,1,0,1,9.578856381820314,864
0,1,1,0,0,1,0,0,1,1,-7.494708870686638,905
0,0,0,0,1,1,0,1,0,1,17.85946543653599,480
1,0,1,0,0,1,1,1,1,0,-0.5107017594584784,730
0,0,0,0,1,0,0,1,0,1,4.7365079383376525,352
1,0,1,0,1,0,1,1,1,1,15.39493341663822,890
0,0,1,1,0,0,0,1,0,1,6.395548045024534,836
1,0,1,0,1,0,1,0,0,0,7.828542055250328,562
0,1,0,1,1,0,0,1,0,0,26.63204648181167,101
1,1,0,0,1,0,0,1,0,1,20.02838470878043,369
1,0,1,1,0,0,0,1,1,1,22.3599489785437,860
1,0,1,0,0,1,0,1,1,0,-0.6527848342807308,728
1,0,1,0,0,0,0,0,0,1,6.265358195989217,784
0,1,1,0,1,1,0,1,0,0,5.847970141289109,737
0,0,1,0,1,1,1,0,0,0,-5.706455218056798,674
0,1,1,0,0,0,0,1,0,1,8.979944102741023,833
0,0,1,0,0,1,1,0,0,0,-5.999868331866868,642
1,0,1,1,0,1,0,0,0,1,5.451767415628495,916
0,1,1,0,0,0,0,0,1,1,9.495353453799204,777
1,0,1,0,1,1,1,0,0,1,13.339802815312396,946
1,0,0,1,0,0,0,0,1,1,6.767662307141084,284
0,0,1,1,0,0,0,0,1,0,14.28452378411064,524
0,0,1,1,0,1,0,0,1,0,9.181541215432928,652
1,1,1,0,0,0,0,0,1,1,7.211423832015425,793
0,0,0,1,1,1,0,0,0,1,12.603156141205488,420
1,0,1,0,0,1,1,0,0,1,-1.0004094820240201,914
0,0,0,0,0,1,0,0,1,0,12.270232255800515,136
1,0,1,1,0,0,0,1,0,1,7.21667673529258,852
1,0,0,1,1,1,0,0,1,0,-1.5487717736623479,188
1,0,1,0,0,0,1,1,0,1,1.5137553763688314,850
0,0,0,0,1,1,0,1,1,1,22.70467446275254,488
1,0,0,1,0,0,0,0,0,0,18.251018943170312,20
1,0,1,1,0,1,0,0,0,1,7.053859192678283,916
1,0,1,1,1,1,0,0,0,1,19.420386213392995,948
0,1,1,1,0,1,0,1,0,1,11.468164278762645,965
0,1,1,0,0,0,1,0,1,0,2.4495604965453635,523
0,0,1,0,0,0,1,0,1,1,13.480781043893717,778
1,0,1,1,1,1,0,1,1,0,-1.429549074759401,764
0,0,1,0,1,1,1,1,0,1,23.99755142706192,994
0,1,1,1,1,1,0,0,1,1,11.207347319091111,941
0,0,1,0,0,1,1,1,0,1,9.738420019211393,962
1,0,1,1,1,1,0,0,0,1,19.30556211669846,948
0,0,1,0,0,0,1,1,0,0,12.483487612890285,578
0,1,1,1,1,1,1,0,0,1,-3.8248219405761867,935
0,1,0,0,0,0,1,1,0,1,12.928154191728847,323
0,0,1,0,1,0,1,0,1,1,11.530669439426513,810
0,0,1,1,1,0,0,1,0,1,12.511754037671984,868
0,0,1,1,0,1,0,0,0,0,4.593794083091511,644
0,0,1,1,0,0,0,1,0,1,10.811711478647304,836
0,0,1,1,0,0,0,1,0,1,-3.647484669036599,836
1,0,0,1,0,1,0,1,0,1,15.008399502345076,468
0,0,1,0,1,0,0,1,1,1,11.42673192857024,872
0,0,0,0,1,0,1,0,1,1,19.689116332220323,298
0,0,1,0,1,1,0,0,0,0,3.0700912172922266,672
0,0,1,0,1,1,1,1,1,0,14.36742904077322,746
1,0,1,0,0,1,1,1,1,1,0.5512259488064295,986
1,0,1,0,1,0,1,1,1,0,2.0837239915022057,634
0,0,1,0,0,1,0,1,0,1,8.206333859048476,960
1,0,1,1,0,1,0,1,0,0,10.477498475284143,724
0,1,0,1,1,1,1,1,0,1,12.581435327877848,487
0,0,1,1,0,1,0,1,0,1,0.25662071448855395,964
1,0,0,1,0,0,0,1,0,0,26.47539957697044,84
0,0,1,1,1,0,0,1,1,0,17.413871011195354,620
1,0,0,0,1,1,0,1,0,0,11.97468245529919,240
0,0,1,0,1,1,0,1,1,1,18.05008587314571,1000
0,0,1,0,0,1,0,0,0,1,-3.6716183600346417,896
0,1,1,0,0,1,0,0,0,1,-6.577102571662525,897
1,0,1,1,1,0,1,0,1,0,17.538555213303354,574
0,0,1,0,1,0,0,0,0,1,7.312020621553113,800
0,1,1,1,0,0,0,1,0,1,6.287081593495275,837
1,0,1,0,1,0,0,0,1,0,9.604269366055327,568
0,0,1,0,0,1,0,1,0,1,16.528566814456372,960
0,0,1,0,0,0,1,0,1,1,10.937324186476578,778
0,0,1,1,0,0,1,0,1,1,6.186934801254916,782
0,0,1,1,1,1,1,0,0,1,14.756329133778095,934
0,0,1,0,1,1,1,1,1,1,20.38278233652633,1002
1,1,1,0,1,1,0,0,1,1,5.183860251367438,953
0,0,1,0,1,0,0,0,0,0,5.1467888749399915,544
0,1,1,1,1,1,0,0,1,1,8.79890358586992,941
1,1,1,0,0,1,1,1,0,1,-3.0049516347442493,979
1,0,1,1,1,1,0,0,1,0,17.340930986177675,700
1,0,1,0,0,0,1,0,0,0,-4.2252671518108995,530
0,0,1,0,0,1,0,0,1,0,9.836747227300396,648
0,1,1,0,0,0,1,1,0,1,0.8320043598093045,835
1,0,1,1,0,1,1,1,0,1,7.745157480134639,982
0,0,1,1,1,0,0,1,0,1,16.069186919651123,868
1,0,1,0,0,1,0,0,0,1,-2.4507112662132857,912
1,0,1,1,1,0,0,0,1,0,17.702524790059634,572
1,1,0,0,0,0,0,1,0,1,-0.7359069993063834,337
1,0,0,1,0,1,0,0,0,0,14.440850388789952,148
1,0,0,0,1,0,0,0,1,1,14.490615926449205,312
0,0,0,1,0,1,1,0,1,0,9.174080552523959,142
0,1,1,0,1,1,0,0,0,1,-6.1685570251425625,929
1,0,0,1,1,1,0,1,0,1,22.584492101239697,500
1,0,0,0,1,1,0,0,0,1,18.165231370571746,432
0,0,1,1,1,1,0,0,0,1,3.655491122899994,932
1,0,1,0,1,0,0,0,1,1,6.868633656014204,824
1,0,1,1,0,1,0,0,1,1,9.629962618881184,924
1,0,1,0,1,0,0,1,1,1,11.966040540160359,888
1,1,0,1,0,0,0,1,1,1,20.082985256993698,349
0,0,1,1,1,1,0,1,0,0,-0.4399304755660065,740
1,1,1,0,1,1,0,0,0,1,10.206696698463873,945
0,1,1,1,0,1,0,0,1,0,-3.8826869115652354,653
1,0,0,0,0,1,0,1,0,0,15.39641637736679,208
1,0,0,1,1,1,0,0,0,1,8.722658673365785,436
0,0,1,0,0,0,0,0,1,1,2.2541080555787008,776
0,0,1,1,1,1,0,1,0,1,7.9075753621563845,996
0,0,0,1,1,1,0,1,1,1,26.667286797376175,492
1,0,1,0,0,0,0,1,1,0,9.147197134498471,600
1,0,1,0,1,1,0,0,1,1,3.4582463687960026,952
0,0,1,0,0,1,1,1,0,1,10.014706951192686,962
1,1,1,1,0,0,1,0,1,0,-2.365345409980585,543
0,0,1,1,0,1,0,0,0,1,-2.884677937345268,900
1,0,1,0,0,0,1,0,1,1,0.14340632986985202,794
0,0,1,1,0,0,0,1,0,1,0.058340179668669556,836
0,0,1,1,0,0,0,1,1,1,22.681540604621038,844
1,1,1,0,0,1,1,0,0,1,-2.0712818979392598,915
1,1,1,0,1,0,1,1,1,0,0.4797444127749353,635
1,0,1,1,1,0,0,1,0,1,8.286650115916554,884
0,0,1,0,1,1,0,0,0,0,12.984821862642923,672
0,0,0,0,1,0,0,0,1,1,19.200676769872135,296
1,0,1,0,1,0,0,0,1,1,7.532228047369267,824
0,0,1,1,1,0,1,0,1,1,13.369122903699196,814
0,0,1,0,0,1,1,0,0,1,4.409402391340248,898
0,0,1,1,1,0,0,0,1,1,15.524762178384059,812
1,0,1,0,1,1,0,0,1,1,7.710588552618294,952
1,0,0,1,1,1,0,0,1,0,3.680195492378136,188
0,0,1,1,0,1,0,1,0,1,8.978774032676538,964
0,0,1,1,1,1,0,0,1,1,18.919961464440256,940
0,1,0,1,1,0,1,0,0,1,7.942394297553109,295
0,0,0,0,1,1,0,0,1,0,6.109791204863658,168
0,0,1,0,0,0,0,0,0,1,-6.409223334336106,768
0,0,1,0,0,1,1,1,0,0,-2.7184550876768885,706
0,0,1,1,1,1,0,0,0,1,6.453707156750696,932
0,0,1,1,1,1,0,0,0,0,6.769575326791879,676
1,0,1,0,1,0,0,0,1,1,7.978844048430769,824
0,1,0,0,1,0,0,1,1,1,21.470771114511482,361
0,0,1,0,0,0,0,1,0,0,4.935188613536023,576
0,0,1,0,1,1,0,0,0,0,-1.9525303583941005,672
1,1,0,0,1,0,0,0,0,1,7.9238855119805685,305
0,0,1,0,1,1,0,0,1,1,9.036191142906896,936
1,0,1,0,1,0,0,1,0,0,6.361014499349357,624
0,0,0,1,1,1,1,0,0,1,4.1987882677381325,422
1,0,1,1,0,1,1,0,0,0,5.007205449952605,662
0,0,1,1,1,1,0,1,1,0,1.355891321937035,748
0,0,0,0,0,1,1,0,1,0,11.76651116850877,138
1,0,1,1,1,0,1,1,0,0,24.1128819892331,630
0,0,0,1,1,1,1,1,0,1,20.86246726393764,486
1,0,0,0,0,0,0,1,0,1,16.930859006157142,336
1,0,1,0,1,1,1,1,1,0,2.13125154331091,762
1,0,1,0,1,1,0,1,1,1,1.0150342918612534,1016
0,1,1,0,0,0,0,0,0,1,-2.864654586948747,769
1,0,1,1,0,1,1,1,0,1,15.034225964365215,982
0,0,0,0,1,1,0,1,0,0,6.378870029930193,224
1,0,1,1,0,0,0,1,0,1,10.295099076995317,852
0,0,1,1,0,1,0,0,1,0,11.385270881148736,652
1,0,1,1,0,1,0,1,0,1,1.9415345614042638,980
0,0,1,0,0,1,0,1,0,1,10.487180499093427,960
0,0,1,0,1,1,0,0,0,1,6.590860799082271,928
1,1,0,1,0,1,0,0,0,1,10.626851496053646,405
1,0,1,0,1,1,0,0,0,0,8.291998385646991,688
0,1,0,0,0,0,0,1,0,0,3.1286502507047493,65
1,0,1,1,0,0,0,0,0,1,-0.6064196623559437,788
1,0,0,1,1,0,0,1,1,1,25.466045113980968,380
1,0,1,0,0,0,0,1,0,0,9.71546836521393,592
0,0,1,0,1,1,0,0,0,1,13.488414272374463,928
1,0,0,1,0,1,0,1,1,0,0.6028897036549896,220
1,1,0,1,0,1,0,1,1,0,9.371964862673696,221
0,0,0,1,1,1,0,1,0,0,4.188773055471343,228
0,0,1,0,1,0,1,1,0,1,10.180922849173498,866
1,0,1,1,0,0,0,0,0,1,9.982838000743927,788
1,0,1,0,0,0,1,1,0,1,4.055826325274696,850
1,0,1,0,0,0,0,0,0,1,6.440614640908242,784
0,1,1,0,0,1,0,0,1,1,-3.307317126567133,905
1,0,1,1,1,1,1,0,0,0,26.69975299154867,694
1,1,1,0,1,0,0,1,1,0,5.460985295545256,633
0,1,0,0,0,1,0,0,0,0,4.615628860442921,129
0,0,1,1,1,1,0,0,0,0,-1.1374596838107385,676
1,0,0,0,0,1,0,0,0,1,0.034900579610691373,400
1,1,0,0,1,0,0,1,1,0,14.572044986089058,121
1,0,1,0,0,1,0,0,1,1,11.150248154364125,920
0,0,1,0,1,0,0,1,1,0,18.108870757632168,616
1,0,1,1,1,1,1,0,0,1,35.40825251057159,950
0,0,1,0,0,1,0,1,1,0,6.50286907004962,712
1,0,1,1,0,0,0,0,0,0,4.9214839645767725,532
0,0,1,0,0,0,0,1,1,0,13.448773055348381,584
1,0,1,0,0,1,1,0,0,1,-8.041277793069991,914
0,0,1,0,0,0,0,0,0,1,1.8791191187887235,768
0,0,0,1,1,1,0,0,1,0,18.206430179264036,172
1,1,1,0,1,0,0,0,1,1,15.324454715854356,825
0,0,1,1,1,0,1,0,1,0,6.252870123170371,558
1,1,1,1,0,1,0,1,1,1,10.229839986137176,989
0,0,1,0,1,1,0,1,0,1,8.08824746387504,992
0,1,1,0,0,1,0,0,0,0,-9.35690847122822,641
0,0,1,0,0,0,1,0,1,1,-2.3953837362779544,778
1,1,1,0,1,0,0,1,0,1,6.88332604469548,881
0,0,1,0,1,0,0,1,1,1,22.69587375965972,872
0,0,1,0,1,0,1,1,1,1,15.809848510925185,874
1,0,1,1,1,1,0,1,0,0,10.448371343442966,756
1,0,1,0,0,1,0,0,0,0,3.958029863351424,656
1,0,1,0,0,0,0,0,1,1,0.7701911264378216,792
0,0,0,1,1,1,1,1,0,1,9.381205683850112,486
1,1,1,0,1,1,0,0,0,0,-5.996938389971124,689
0,0,1,1,1,1,0,0,0,1,6.260008715634583,932
1,0,1,0,0,1,1,1,1,0,14.588256934392255,730
0,1,1,1,1,0,1,1,1,1,34.19933816034773,879
0,1,0,1,1,0,0,1,0,1,12.29121800730867,357
1,0,1,0,1,0,0,0,0,1,2.5330600036985764,816
0,1,1,1,0,1,1,1,1,1,41.06751242454014,975
1,0,1,0,0,0,1,1,0,0,3.903602999769925,594
1,0,1,0,0,1,0,0,0,0,2.188105722510209,656
1,0,1,0,0,0,0,0,0,0,6.58451918124423,528
0,1,1,1,0,0,0,1,1,1,24.38057897350454,845
1,0,1,1,0,0,1,0,1,0,12.527117245976749,542
0,0,1,1,0,0,1,1,1,1,19.858420552018618,846
1,0,1,1,1,1,0,1,1,1,-3.3839726904930663,1020
1,0,1,0,1,0,1,0,0,1,7.083691511488774,818
1,0,1,0,0,1,1,1,0,1,9.835173963671101,978
1,1,1,1,0,1,0,0,1,0,4.031458674246786,669
0,1,1,0,0,1,1,1,0,1,16.877650010374825,963
0,1,0,0,0,0,1,0,0,1,-7.549150510860901,259
0,0,1,0,1,1,1,0,0,1,10.724255209006524,930
1,1,0,1,0,1,0,0,1,1,11.794780009133637,413
0,0,1,0,1,1,0,1,0,1,16.292259281125876,992
1,0,1,0,1,0,0,0,1,1,9.541708620404531,824
1,0,1,0,0,1,0,0,1,1,4.1338842021961915,920
0,0,1,0,0,0,0,1,0,0,-0.5951086010435978,576
1,0,1,0,1,1,1,1,1,1,-2.537112094202632,1018
1,0,0,0,0,1,0,0,1,0,8.184045348979943,152
0,0,1,1,1,0,1,0,1,1,-1.0131606553446204,814
0,0,1,0,1,1,1,1,0,1,19.78662186420744,994
0,0,1,0,1,1,0,0,0,1,2.5585748046241354,928
1,1,1,1,1,0,0,1,1,1,33.042551124665735,893
1,0,1,0,0,0,1,0,0,0,-4.2517062797133605,530
1,1,1,0,0,1,1,0,0,1,3.4836994641477332,915
0,0,1,1,1,1,0,0,1,1,18.154804768708804,940
0,0,1,0,1,1,1,0,1,1,8.61173327410007,938
